Blog Category,Blog Title,Blog Catchphrase,Blog Link,Author Name,Thumbnail Link,Thumbnail Credit,Blog Date,Author Profile Link
Fashion Trends,Ready to skip winter? These are all the summer 2022 trends to look forward to according to Copenhagen Fashion Week,Your first look at SS22.,https://www.glamourmagazine.co.uk/gallery/copenhagen-fashion-week-trends-ss22,Charlie Teather ,https://media.glamourmagazine.co.uk/photos/61389b36236c41e8314899c6/4:3/w_1600%2Cc_limit/sqjpg.jpg,,,
Fashion Trends,"'Rainbow maximalism' is the fashion trend dominating TikTok, and it could be the secret to faking that summer feeling right now",Because this weather really isn't doing it for us.,https://www.glamourmagazine.co.uk/gallery/rainbow-fashion-trend-tiktok,Hannah Tappin ,https://media.glamourmagazine.co.uk/photos/6138a80d5ebdbf876576baf4/4:3/w_1600%2Cc_limit/nxcva_sq.jpg,,,
,"Mark Our Words, *This* Will Be the Top Fashion Trend of 2022",,https://www.purewow.com/fashion/top-fashion-trend-prediction,,"https://purewows3.imgix.net/images/articles/2021_12/bold_color_trend_2022_CAT.jpg?auto=format,compress&cs=strip",GETTY IMAGES,,
,10 trends that define the Spring 2022 season,,https://www.vogue.in/fashion/content/10-trends-that-define-the-spring-2022-season,Steff Yotka,https://assets.vogue.in/photos/616e854e5b1891a27019ac41/1:1/w_1600%2Cc_limit/00_promo.jpg,,21 October 2021,
Fashion Trends,Milkmaid dresses are the universally flattering fashion trend that will seamlessly take your wardrobe from summer to autumn,Sign. Us. Up.,https://www.glamourmagazine.co.uk/gallery/milkmaid-dresses-fashion-trend,Charlie Teather ,https://media.glamourmagazine.co.uk/photos/6138a98d1145ea59e77e7110/4:3/w_1600%2Cc_limit/claudia_berresford_sq.jpg,,,
,The Top 7 Winter Fashion Trends to Know Going Into 2022,,https://www.purewow.com/fashion/winter-fashion-trends,,"https://purewows3.imgix.net/images/articles/2021_12/winter_fashion_trends_400.jpg?auto=format,compress&cs=strip",GETTY IMAGES,,
,Butt-Protecting Fashion Is the Spring Trend We Didn't See Coming,,https://www.instyle.com/fashion/clothing/butt-protecting-fashion-miniskirt-train-trend,,,,,
,Egyptian Clothing 2022 – BEST Egyptian Fashion Designers and Trends,,https://thevou.com/fashion/egyptian-clothing/,Mandy Meyer,https://thevou.com/wp-content/uploads/2020/11/Egyptian-fashion-and-clothing-wtvox.com-feature-00.jpg,,23 October 2021,https://thevou.com/author/mmeyer/
Dresses,Slip dresses are a huge fashion trend for summer but also ideal for layering in the winter – these are our favourites to add to your year-round wardrobe,Fashion's favourite slip dress is fuss-free and fabulous.,https://www.glamourmagazine.co.uk/gallery/best-slip-dresses,Alexandra Fullerton ,https://media.glamourmagazine.co.uk/photos/613895a32b5bbea008291f1d/4:3/w_1600%2Cc_limit/eleanorbarkes_sq.jpg,,,
Fashion Trends,12 epic summer fashion trends to see you through the (apparent!) incoming September heatwave,Is it too late to be hoping for a summer miracle?,https://www.glamourmagazine.co.uk/gallery/spring-summer-2021-fashion-trends,Charlie Teather ,https://media.glamourmagazine.co.uk/photos/61389012f5e39d30c69b2ff2/4:3/w_1600%2Cc_limit/gettyimages-1277583507_sq.png,,,
,"These Will Be the Only 9 Trends You’ll Want to Buy in 2022, According to a Fashion Editor",,https://www.purewow.com/fashion/2022-fashion-trend-predictions,,"https://purewows3.imgix.net/images/articles/2021_11/2022_trend_predictions_400.jpg?auto=format,compress&cs=strip&fit=min&w=400&h=290",GETTY IMAGES / MONROE STEELE,,
,Rom-com dressing is the spring/summer 21 micro-trend that’s arrived just in time for valentine’s day,,https://www.vogue.in/fashion/gallery/rom-com-dressing-is-the-springsummer-21-micro-trend-thats-arrived-just-in-time-for-valentine-day,Naomi Pike,https://assets.vogue.in/photos/6020e218110c3c0cec1092be/1:1/w_1600%2Cc_limit/MissVromcom.jpg,,8 February 2021,
,Top 10 Future Of Fashion Trends Reshaping The Industry (In 2022),,https://thevou.com/fashion/future-of-fashion/,Bruce Knox,https://thevou.com/wp-content/uploads/2018/11/WTVOX-future-of-fashion.jpg,,22 November 2021,https://thevou.com/author/techwise/
Love Island,Searches for this summer trend are up 313% thanks to Love Island,Shine bright.,https://www.glamourmagazine.co.uk/article/neon-bikini-uk-trend,Oriana Findlay ,https://media.glamourmagazine.co.uk/photos/613893173bf019dd15687428/4:3/w_1600%2Cc_limit/imhannahwhiting_sf.jpg,,,
,32 Best Sustainable Clothing Brands TRENDY For All Body Sizes & Budgets (2022),,https://thevou.com/fashion/sustainable-clothing/,Mandy Meyer,https://thevou.com/wp-content/uploads/2021/06/Sustainable-Clothing-thevou.com-Feature-01.jpg,,19 December 2021,https://thevou.com/author/mmeyer/
,Summer's Hottest Swimsuit Trend Looks Fancy and Expensive — But It's Not,,https://www.instyle.com/fashion/clothing/lurex-swimwear-fashion-trend,,,,,
Style Solutions,Forgotten how to dress? These 25 Fashion Editor-approved summer dresses are the simplest additions for a chic post-lockdown wardrobe,Stuck in those tracksuit bottoms?,https://www.glamourmagazine.co.uk/gallery/what-to-wear-after-lockdown,Charlie Teather ,https://media.glamourmagazine.co.uk/photos/6138a6bbba092ab636a113ff/4:3/w_1600%2Cc_limit/img_3567_2_sq.jpg,,,
Fashion,These are all the winners from last night's Fashion Awards in London (you'll be hearing these names a lot in 2022!),It's the most major awards ceremony on the fashion calendar.,https://www.glamourmagazine.co.uk/article/fashion-awards-nominees-winners,Charlie Teather ,https://media.glamourmagazine.co.uk/photos/61a61a1fe64afe64b6482a81/4:3/w_1600%2Cc_limit/FASHIONAWARDSWINNERS_11302021_GettyImages-1356256753_SQ.jpg,,,
,The Most Divisive Trend of the Summer Is This Tarzan-Like String Bikini Bottom,,https://www.instyle.com/fashion/clothing/side-tie-string-bikini-bottom-trend,,,,,
Books,An exposé of the dark underbelly of the fashion industry in an era of #TimesUp and #MeToo is guaranteed to be your summer read,A must-read.,https://www.glamourmagazine.co.uk/article/juno-dawson-meat-market-extract,Bianca London ,https://media.glamourmagazine.co.uk/photos/61388dae30654311017f637b/4:3/w_1600%2Cc_limit/gettyimages-699159973_sq.jpg,,,
,30 Best Fashion Movies Of All Time (2022 Update),,https://thevou.com/fashion/best-fashion-movies/,Katherine Saxon,https://thevou.com/wp-content/uploads/2020/03/Top-20-Best-Fashion-Movies-Of-All-Times-wtvox.com-00.jpg,,7 December 2021,https://thevou.com/author/kathe-saxon/
,Balletcore Is Definitely the Prettiest Spring Trend (and It’s Surprisingly Wearable),,https://www.purewow.com/fashion/balletcore-trend,,"https://purewows3.imgix.net/images/articles/2021_03/balletcore_400.png?auto=format,compress&cs=strip&fit=min&w=400&h=290",GETTY IMAGES,,
Fashion,10 breakout fashion brands we guarantee you'll be seeing everywhere in 2022,Time to get clued up ahead of everyone else.,https://www.glamourmagazine.co.uk/article/fashion-brands-to-know-2022,Charlie Teather ,https://media.glamourmagazine.co.uk/photos/61b9ae59983121fb0be869b8/4:3/w_1600%2Cc_limit/BREAKOUTFASHION151221_DEFAULT.jpg,,,
,5 Easy Spring Trends That Are Already in Your Closet,,https://www.instyle.com/fashion/clothing/easy-spring-trends-you-already-own,,,,,
,Meet the 10 breakout models of Spring 2022,,https://www.vogue.in/fashion/gallery/meet-the-10-breakout-models-of-spring-2022,Janelle Okwodu,https://assets.vogue.in/photos/61727e878b7f5b733c9afa6e/1:1/w_1600%2Cc_limit/100_story.jpg,,31 October 2021,
,Arabic Clothing in 2022 – Top 10 Online Stores & Islamic Fashion Guide,,https://thevou.com/fashion/arabic-clothing/,Mandy Meyer,https://thevou.com/wp-content/uploads/2021/01/Arabic-Clothing-wtvox-feature-2021-02-1.jpg,,27 October 2021,https://thevou.com/author/mmeyer/
Sustainability,The jelly shoe may be this summer’s hottest footwear trend – but it’s one of the least environmentally friendly,It's a step backwards.,https://www.glamourmagazine.co.uk/article/jelly-shoe-bad-for-environment,Luciana Bellini ,https://media.glamourmagazine.co.uk/photos/61389545aa3b5acf3b0dbc03/4:3/w_1600%2Cc_limit/gettyimages-829254852_sf_sq.jpg,,,
Weddings,Wedding dress trends to expect in 2022 - from ethereal Princess silhouettes to dramatic sleeves and capes,Weddings are back in a big way.,https://www.glamourmagazine.co.uk/article/bridal-trends-2022,Bianca London ,https://media.glamourmagazine.co.uk/photos/6138a7063bf019dd156880a8/4:3/w_1600%2Cc_limit/bridal.jpg,,,
Swimwear,'Basic swimwear' is this summer's hottest influencer trend,The rise of the print-less bikini.,https://www.glamourmagazine.co.uk/article/plain-swimwear-bikini-swimsuit,Charlie Teather ,https://media.glamourmagazine.co.uk/photos/61388fe69734ef64a15ee495/4:3/w_1600%2Cc_limit/screen.jpg,,,
,We're Finally Giving Into the Cute But Confusing Summer Knits Trend,,https://www.instyle.com/fashion/clothing/summer-knitwear-trend,,,,,
,The Top Color Trends to Mix and Match This Summer,,https://www.purewow.com/fashion/summer-color-trends,,"https://purewows3.imgix.net/images/articles/2021_05/summer_color_trends_400.jpg?auto=format,compress&cs=strip&fit=min&w=400&h=290",EDWARD BERTHELOT/GETTY IMAGES,,
Shopping,"Fashion editors are obsessed with this romantic, boho dress label this summer",We. Want. Everything.,https://www.glamourmagazine.co.uk/gallery/love-shack-fancy-dresses,Charlie Teather ,https://media.glamourmagazine.co.uk/photos/61388e93ba092ab636a10431/4:3/w_1600%2Cc_limit/190217_lsf_shot26_3845_sq.jpg,,,
,12 Fashion Staples to Grab Now That Summer Is Ending,,https://www.purewow.com/fashion/fashion-staples-saturday-shoppable-sept-11-2021,,"https://purewows3.imgix.net/images/articles/2021_09/preview-gallery-CAT_728x524-21.jpg?auto=format,compress&cs=strip&fit=min&w=400&h=290",,,
Shopping,This is the little-known brand our Fashion Editor can't stop wearing and it will be all over Instagram this summer,Chic and sustainable? Swoon.,https://www.glamourmagazine.co.uk/gallery/paper-london-sustainable-summer-fashion,Charlie Teather ,https://media.glamourmagazine.co.uk/photos/61389216e2e190b1f7b26096/4:3/w_1600%2Cc_limit/hero_default.jpg,,,
,There's a Reason This Popular Spring Dress Trend Looks So Familiar,,https://www.instyle.com/fashion/clothing/empire-waist-dress-trend,,,,,
,Dark Academia Fashion EXPLAINED In 2022 (+ 30 Brands & Aesthetic Outfits),,https://thevou.com/fashion/dark-academia-fashion/,Katherine Saxon,https://thevou.com/wp-content/uploads/2020/08/Dark-Academia-Fashion-wtvox.com-00.jpg,,13 January 2021,https://thevou.com/author/kathe-saxon/
,The Summer-3 Fashion Rule Is the Easy Yet Smart Outfit Trick You Have to Try,,https://www.instyle.com/fashion/clothing/the-summer-3-fashion-rule-is-the-seasons-best-outfit-idea,,,,,
Fashion Trends,This is the timeless designer accessory loved by influencers and fashion editors every summer,And it's a lot more affordable than most.,https://www.glamourmagazine.co.uk/gallery/loewe-basket-bag,Charlie Teather ,https://media.glamourmagazine.co.uk/photos/613892b4236c41e831489437/4:3/w_1600%2Cc_limit/_priscav.jpg,,,
Fashion Trends,This is summer’s sexiest trend and everybody can wear it,June 21st is coming in hot.,https://www.glamourmagazine.co.uk/article/sexy-fashion-trend,Alexandra Fullerton ,https://media.glamourmagazine.co.uk/photos/613890b02b5bbea008291b6b/4:3/w_1600%2Cc_limit/bringing.jpg,,,
Shopping,M&S just launched a seriously beautiful summer dress collection with fashion-favourite label Ghost,"Fans of floral prints, head this way...",https://www.glamourmagazine.co.uk/gallery/ms-ghost-june-2021-collection,Charlie Teather ,https://media.glamourmagazine.co.uk/photos/613891ea2bec5fcec32c10cc/4:3/w_1600%2Cc_limit/01332_shot13_165_digital_sq.jpg,,,
Fashion Trends,This is the subtle but super chic way that the fashion crowd are wearing their knits this spring,We're desperately trying to resist calling it the 'It Knit'.,https://www.glamourmagazine.co.uk/article/hourglass-cardigan-trend,Charlie Teather ,https://media.glamourmagazine.co.uk/photos/6138a7993335302f7261b79a/4:3/w_1600%2Cc_limit/georginalennon1-_sq.jpg,,,
,What EXACTLY Is Sustainable Fashion & Why Is SO Important (2022),,https://thevou.com/fashion/sustainable-fashion/,Ana Alves,https://thevou.com/wp-content/uploads/2019/07/wtvox-what-is-sustainable-fashion-circular.jpg,,21 October 2021,https://thevou.com/author/ana/
High-Street,Our Fashion Editor's pick of the 16 best pieces from Zara's epic new summer collection,Tired of your tracksuits?,https://www.glamourmagazine.co.uk/gallery/zara-summer-2021-collection,Charlie Teather ,https://media.glamourmagazine.co.uk/photos/6138a84e2b5bbea008292a9c/4:3/w_1600%2Cc_limit/zara.jpg,,,
,27 Stores Like Princess Polly To Shop Online (In 2022),,https://thevou.com/fashion/stores-like-princess-polly/,Katherine Saxon,https://thevou.com/wp-content/uploads/2021/04/Stores-Like-Princess-Polly-wtvox.com-feature-01.jpg,,27 October 2021,https://thevou.com/author/kathe-saxon/
,The 14 Best Plus-Size Shorts to Get You Through Summer’s Heat in Style,,https://www.purewow.com/fashion/best-plus-size-shorts,,"https://purewows3.imgix.net/images/articles/2021_05/plus_size_shorts_cover.png?auto=format,compress&cs=strip&fit=min&w=400&h=290",MADEWELL / TARGET / ATHLETA,,
,The Best Maternity Swimsuits to Get You Comfortably Through the Long Hot Summer,,https://www.purewow.com/fashion/best-maternity-swimsuits,,"https://purewows3.imgix.net/images/articles/2021_05/best_maternity_swimsuits_400.jpg?auto=format,compress&cs=strip&fit=min&w=400&h=290",ADENE SANCHEZ/GETTY IMAGES,,
,30 April Outfit Ideas to Ease You Out of Sweats and Back Into Your Favorite Spring Looks,,https://www.purewow.com/fashion/april-outfit-ideas,,"https://purewows3.imgix.net/images/articles/2021_03/april_outfit_ideas_CAT_728x524.jpg?auto=format,compress&cs=strip&fit=min&w=400&h=290",VICTORIA BELLAFIORE,,
Shopping,Dua Lipa and Billie Eilish can't get enough of sweat shorts – here are the pairs we'll be living in all summer,Let your legs get a dose of Vitamin D at last.,https://www.glamourmagazine.co.uk/gallery/best-sweat-shorts,Georgia Trodd Alexandra Fullerton ,https://media.glamourmagazine.co.uk/photos/6138ab30236c41e83148a32c/4:3/w_1600%2Cc_limit/brittanyxavier-_sq.jpg,,,
,15 Best Women’s Activewear Brands To Shop In 2022 (MOST POPULAR),,https://thevou.com/fashion/activewear-brands/,Natalie Wilson,https://thevou.com/wp-content/uploads/2021/12/Women-Activewear-thevou.com-Feature-01.jpg,,20 December 2021,https://thevou.com/author/natalie-wilson/
Shopping,"Long sleeve swimsuits are loved by Adele, so here are 19 flattering styles to buy now and wear all summer long",They're having a moment.,https://www.glamourmagazine.co.uk/gallery/long-sleeve-swimsuits,Georgia Trodd ,https://media.glamourmagazine.co.uk/photos/6138a9e82677a6ca5ae351a1/4:3/w_1600%2Cc_limit/adele_sq.jpg,,,
